Workbook
Name d_0.03: #REF!
Name d_0.1: #REF!
Name load_ratio: #REF!
Name percent_of_load_served: #REF!

Sheet Overview

Sheet Inputs&OutputSummary
B1: RURAL AFRICAN HOUSEHOLD LOAD PROFILES
B4: INPUTS | F4: OUTPUTS
H5: LOAD PROFILE OUTPUT TABLE (kW)
B6: HOUSEHOLD AND COMMERCIAL INPUTS* | H6: Total Household Load | I6: Total Commercial Load | J6: Total Household + Commercial Load
B7: HOUSEHOLD INPUTS | G7: 0 | H7: =($C$8*CoincidenceFactor_HouseholdLoad!P30)/1000 -> 0.86243458 | I7: =(CommercialLoadProfiles!C5)/1000 -> 0.3268 | J7: =SUM(H7,I7) -> 1.1892346
B8: Number of Households: | C8: 100 | G8: 0.041666667 | H8: =($C$8*CoincidenceFactor_HouseholdLoad!P31)/1000 -> 0.60610022 | I8: =(CommercialLoadProfiles!C6)/1000 -> 0.3268 | J8: =SUM(H8,I8) -> 0.93290022
B9: % of High Income Households | C9: 0.3333 | G9: 0.083333333 | H9: =($C$8*CoincidenceFactor_HouseholdLoad!P32)/1000 -> 0.46486268 | I9: =(CommercialLoadProfiles!C7)/1000 -> 0.3268 | J9: =SUM(H9,I9) -> 0.79166268
B10: % of Medium Income Households | C10: 0.3333 | G10: 0.125 | H10: =($C$8*CoincidenceFactor_HouseholdLoad!P33)/1000 -> 0.39860347 | I10: =(CommercialLoadProfiles!C8)/1000 -> 0.3268 | J10: =SUM(H10,I10) -> 0.72540347
B11: % of Low Income Households | C11: 0.3333 | G11: 0.16666667 | H11: =($C$8*CoincidenceFactor_HouseholdLoad!P34)/1000 -> 0.40046412 | I11: =(CommercialLoadProfiles!C9)/1000 -> 0.3268 | J11: =SUM(H11,I11) -> 0.72726412
B12: Check that the % households adds up to 100%: | C12: =SUM(C9:C11) -> 0.9999 | G12: 0.20833333 | H12: =($C$8*CoincidenceFactor_HouseholdLoad!P35)/1000 -> 0.43433156 | I12: =(CommercialLoadProfiles!C10)/1000 -> 0.3268 | J12: =SUM(H12,I12) -> 0.76113156
B13: =IF(C12<99.9%,"The % households do NOT equal 100%, CHECK PERCENTAGES",IF(C12>99.9%,IF(C12<=100%,"The % households equals 100%","The % households do NOT equal 100%, CHECK PERCENTAGES"))) -> The % households equals 100% | G13: 0.25 | H13: =($C$8*CoincidenceFactor_HouseholdLoad!P36)/1000 -> 0.52537746 | I13: =(CommercialLoadProfiles!C11)/1000 -> 0.5148 | J13: =SUM(H13,I13) -> 1.0401775
B14: COMMERCIAL INPUTS | G14: 0.29166667 | H14: =($C$8*CoincidenceFactor_HouseholdLoad!P37)/1000 -> 0.67347848 | I14: =(CommercialLoadProfiles!C12)/1000 -> 0.8356 | J14: =SUM(H14,I14) -> 1.5090785
B15: Number of Water Pumping Operations | C15: 0 | G15: 0.33333333 | H15: =($C$8*CoincidenceFactor_HouseholdLoad!P38)/1000 -> 1.1184673 | I15: =(CommercialLoadProfiles!C13)/1000 -> 0.952 | J15: =SUM(H15,I15) -> 2.0704673
B16: Number of Milling Operations | C16: 0 | G16: 0.375 | H16: =($C$8*CoincidenceFactor_HouseholdLoad!P39)/1000 -> 1.2460004 | I16: =(CommercialLoadProfiles!C14)/1000 -> 1.0766 | J16: =SUM(H16,I16) -> 2.3226004
B17: Number of Small Shops | C17: 2 | G17: 0.41666667 | H17: =($C$8*CoincidenceFactor_HouseholdLoad!P40)/1000 -> 1.2782397 | I17: =(CommercialLoadProfiles!C15)/1000 -> 1.0766 | J17: =SUM(H17,I17) -> 2.3548397
B18: Number of Schools | C18: 1 | G18: 0.45833333 | H18: =($C$8*CoincidenceFactor_HouseholdLoad!P41)/1000 -> 1.2624571 | I18: =(CommercialLoadProfiles!C16)/1000 -> 1.0766 | J18: =SUM(H18,I18) -> 2.3390571
B19: Number of Clinics | C19: 0 | G19: 0.5 | H19: =($C$8*CoincidenceFactor_HouseholdLoad!P42)/1000 -> 0.96463686 | I19: =(CommercialLoadProfiles!C17)/1000 -> 1.0766 | J19: =SUM(H19,I19) -> 2.0412369
B20: Number of Street Lights | C20: 0 | G20: 0.54166667 | H20: =($C$8*CoincidenceFactor_HouseholdLoad!P43)/1000 -> 0.88417074 | I20: =(CommercialLoadProfiles!C18)/1000 -> 1.0766 | J20: =SUM(H20,I20) -> 1.9607707
B21: *Changeable inputs are located in cells C8 to C11 and C15 to C20 | G21: 0.58333333 | H21: =($C$8*CoincidenceFactor_HouseholdLoad!P44)/1000 -> 0.85619437 | I21: =(CommercialLoadProfiles!C19)/1000 -> 1.0766 | J21: =SUM(H21,I21) -> 1.9327944
G22: 0.625 | H22: =($C$8*CoincidenceFactor_HouseholdLoad!P45)/1000 -> 0.79535296 | I22: =(CommercialLoadProfiles!C20)/1000 -> 1.0766 | J22: =SUM(H22,I22) -> 1.871953
G23: 0.66666667 | H23: =($C$8*CoincidenceFactor_HouseholdLoad!P46)/1000 -> 1.0230444 | I23: =(CommercialLoadProfiles!C21)/1000 -> 1.0214 | J23: =SUM(H23,I23) -> 2.0444444
G24: 0.70833333 | H24: =($C$8*CoincidenceFactor_HouseholdLoad!P47)/1000 -> 1.7882287 | I24: =(CommercialLoadProfiles!C22)/1000 -> 0.6924 | J24: =SUM(H24,I24) -> 2.4806287
G25: 0.75 | H25: =($C$8*CoincidenceFactor_HouseholdLoad!P48)/1000 -> 2.6948372 | I25: =(CommercialLoadProfiles!C23)/1000 -> 0.5984 | J25: =SUM(H25,I25) -> 3.2932372
G26: 0.79166667 | H26: =($C$8*CoincidenceFactor_HouseholdLoad!P49)/1000 -> 4.0579442 | I26: =(CommercialLoadProfiles!C24)/1000 -> 0.6372 | J26: =SUM(H26,I26) -> 4.6951442
G27: 0.83333333 | H27: =($C$8*CoincidenceFactor_HouseholdLoad!P50)/1000 -> 5.2234401 | I27: =(CommercialLoadProfiles!C25)/1000 -> 0.6372 | J27: =SUM(H27,I27) -> 5.8606401
G28: 0.875 | H28: =($C$8*CoincidenceFactor_HouseholdLoad!P51)/1000 -> 4.9098548 | I28: =(CommercialLoadProfiles!C26)/1000 -> 0.6372 | J28: =SUM(H28,I28) -> 5.5470548
G29: 0.91666667 | H29: =($C$8*CoincidenceFactor_HouseholdLoad!P52)/1000 -> 3.1541046 | I29: =(CommercialLoadProfiles!C27)/1000 -> 0.482 | J29: =SUM(H29,I29) -> 3.6361046
G30: 0.95833333 | H30: =($C$8*CoincidenceFactor_HouseholdLoad!P53)/1000 -> 1.5453238 | I30: =(CommercialLoadProfiles!C28)/1000 -> 0.3268 | J30: =SUM(H30,I30) -> 1.8721238
G31: Total kWh/day | H31: =SUM(H7:H30) -> 37.167949 | I31: =SUM(I7:I30) -> 16.832 | J31: =SUM(J7:J30) -> 53.999949
G32: Total kWh/year | H32: =(365*H31) -> 13566.302 | I32: =365*I31 -> 6143.68 | J32: =365*J31 -> 19709.982
G33: Max kW/day | H33: =MAX(H7:H30) -> 5.2234401 | I33: =MAX(I7:I30) -> 1.0766 | J33: =MAX(J7:J30) -> 5.8606401
G34: Min kW/day | H34: =MIN(H7:H30) -> 0.39860347 | I34: =MIN(I7:I30) -> 0.3268 | J34: =MIN(J7:J30) -> 0.72540347

Sheet HouseholdLoadProfiles
B1: RURAL AFRICAN HOUSEHOLD LOAD PROFILES
B3: SUMMARY OF RURAL AFRICAN HOUSEHOLD LOAD PROFILES (W)
C4: High Income Household | D4: Medium Income Household | E4: Low Income Household | F4: All Households Assuming Varying % High, Medium, and Low Income
B5: 0 | C5: =C72 -> 8.5 | D5: =C85 -> 2 | E5: =C98 -> 0.5 | F5: ='Inputs&OutputSummary'!$C$9*HouseholdLoadProfiles!C5+'Inputs&OutputSummary'!$C$10*HouseholdLoadProfiles!D5+'Inputs&OutputSummary'!$C$11*HouseholdLoadProfiles!E5 -> 3.6663
B6: 0.041666667 | C6: =D72 -> 8.5 | D6: =D85 -> 2 | E6: =D98 -> 0.5 | F6: ='Inputs&OutputSummary'!$C$9*HouseholdLoadProfiles!C6+'Inputs&OutputSummary'!$C$10*HouseholdLoadProfiles!D6+'Inputs&OutputSummary'!$C$11*HouseholdLoadProfiles!E6 -> 3.6663
B7: 0.083333333 | C7: =E72 -> 8.5 | D7: =E85 -> 2 | E7: =E98 -> 0.5 | F7: ='Inputs&OutputSummary'!$C$9*HouseholdLoadProfiles!C7+'Inputs&OutputSummary'!$C$10*HouseholdLoadProfiles!D7+'Inputs&OutputSummary'!$C$11*HouseholdLoadProfiles!E7 -> 3.6663
B8: 0.125 | C8: =F72 -> 8.5 | D8: =F85 -> 2 | E8: =F98 -> 0.5 | F8: ='Inputs&OutputSummary'!$C$9*HouseholdLoadProfiles!C8+'Inputs&OutputSummary'!$C$10*HouseholdLoadProfiles!D8+'Inputs&OutputSummary'!$C$11*HouseholdLoadProfiles!E8 -> 3.6663
B9: 0.16666667 | C9: =G72 -> 8.5 | D9: =G85 -> 2 | E9: =G98 -> 0.5 | F9: ='Inputs&OutputSummary'!$C$9*HouseholdLoadProfiles!C9+'Inputs&OutputSummary'!$C$10*HouseholdLoadProfiles!D9+'Inputs&OutputSummary'!$C$11*HouseholdLoadProfiles!E9 -> 3.6663
B10: 0.20833333 | C10: =H72 -> 8.5 | D10: =H85 -> 2 | E10: =H98 -> 0.5 | F10: ='Inputs&OutputSummary'!$C$9*HouseholdLoadProfiles!C10+'Inputs&OutputSummary'!$C$10*HouseholdLoadProfiles!D10+'Inputs&OutputSummary'!$C$11*HouseholdLoadProfiles!E10 -> 3.6663
B11: 0.25 | C11: =I72 -> 10.012 | D11: =I85 -> 2.88 | E11: =I98 -> 0.828 | F11: ='Inputs&OutputSummary'!$C$9*HouseholdLoadProfiles!C11+'Inputs&OutputSummary'!$C$10*HouseholdLoadProfiles!D11+'Inputs&OutputSummary'!$C$11*HouseholdLoadProfiles!E11 -> 4.572876
B12: 0.29166667 | C12: =J72 -> 10.012 | D12: =J85 -> 2.88 | E12: =J98 -> 0.828 | F12: ='Inputs&OutputSummary'!$C$9*HouseholdLoadProfiles!C12+'Inputs&OutputSummary'!$C$10*HouseholdLoadProfiles!D12+'Inputs&OutputSummary'!$C$11*HouseholdLoadProfiles!E12 -> 4.572876
B13: 0.33333333 | C13: =K72 -> 29.862 | D13: =K85 -> 8.9425 | E13: =K98 -> 1.9405 | F13: ='Inputs&OutputSummary'!$C$9*HouseholdLoadProfiles!C13+'Inputs&OutputSummary'!$C$10*HouseholdLoadProfiles!D13+'Inputs&OutputSummary'!$C$11*HouseholdLoadProfiles!E13 -> 13.580308
B14: 0.375 | C14: =L72 -> 29.862 | D14: =L85 -> 8.9425 | E14: =L98 -> 1.9405 | F14: ='Inputs&OutputSummary'!$C$9*HouseholdLoadProfiles!C14+'Inputs&OutputSummary'!$C$10*HouseholdLoadProfiles!D14+'Inputs&OutputSummary'!$C$11*HouseholdLoadProfiles!E14 -> 13.580308
B15: 0.41666667 | C15: =M72 -> 29.862 | D15: =M85 -> 8.9425 | E15: =M98 -> 1.9405 | F15: ='Inputs&OutputSummary'!$C$9*HouseholdLoadProfiles!C15+'Inputs&OutputSummary'!$C$10*HouseholdLoadProfiles!D15+'Inputs&OutputSummary'!$C$11*HouseholdLoadProfiles!E15 -> 13.580308
B16: 0.45833333 | C16: =N72 -> 32.13 | D16: =N85 -> 10.2625 | E16: =N98 -> 2.4325 | F16: ='Inputs&OutputSummary'!$C$9*HouseholdLoadProfiles!C16+'Inputs&OutputSummary'!$C$10*HouseholdLoadProfiles!D16+'Inputs&OutputSummary'!$C$11*HouseholdLoadProfiles!E16 -> 14.940173
B17: 0.5 | C17: =O72 -> 17.98 | D17: =O85 -> 5.325 | E17: =O98 -> 1.545 | F17: ='Inputs&OutputSummary'!$C$9*HouseholdLoadProfiles!C17+'Inputs&OutputSummary'!$C$10*HouseholdLoadProfiles!D17+'Inputs&OutputSummary'!$C$11*HouseholdLoadProfiles!E17 -> 8.282505
B18: 0.54166667 | C18: =P72 -> 17.98 | D18: =P85 -> 5.325 | E18: =P98 -> 1.545 | F18: ='Inputs&OutputSummary'!$C$9*HouseholdLoadProfiles!C18+'Inputs&OutputSummary'!$C$10*HouseholdLoadProfiles!D18+'Inputs&OutputSummary'!$C$11*HouseholdLoadProfiles!E18 -> 8.282505
B19: 0.58333333 | C19: =Q72 -> 17.98 | D19: =Q85 -> 5.325 | E19: =Q98 -> 1.545 | F19: ='Inputs&OutputSummary'!$C$9*HouseholdLoadProfiles!C19+'Inputs&OutputSummary'!$C$10*HouseholdLoadProfiles!D19+'Inputs&OutputSummary'!$C$11*HouseholdLoadProfiles!E19 -> 8.282505
B20: 0.625 | C20: =R72 -> 11.35 | D20: =R85 -> 2.5625 | E20: =R98 -> 0.6125 | F20: ='Inputs&OutputSummary'!$C$9*HouseholdLoadProfiles!C20+'Inputs&OutputSummary'!$C$10*HouseholdLoadProfiles!D20+'Inputs&OutputSummary'!$C$11*HouseholdLoadProfiles!E20 -> 4.8411825
B21: 0.66666667 | C21: =S72 -> 11.35 | D21: =S85 -> 2.5625 | E21: =S98 -> 0.6125 | F21: ='Inputs&OutputSummary'!$C$9*HouseholdLoadProfiles!C21+'Inputs&OutputSummary'!$C$10*HouseholdLoadProfiles!D21+'Inputs&OutputSummary'!$C$11*HouseholdLoadProfiles!E21 -> 4.8411825
B22: 0.70833333 | C22: =T72 -> 28.36 | D22: =T85 -> 13.15 | E22: =T98 -> 4.54 | F22: ='Inputs&OutputSummary'!$C$9*HouseholdLoadProfiles!C22+'Inputs&OutputSummary'!$C$10*HouseholdLoadProfiles!D22+'Inputs&OutputSummary'!$C$11*HouseholdLoadProfiles!E22 -> 15.348465
B23: 0.75 | C23: =U72 -> 42.59 | D23: =U85 -> 21.095 | E23: =U98 -> 8.095 | F23: ='Inputs&OutputSummary'!$C$9*HouseholdLoadProfiles!C23+'Inputs&OutputSummary'!$C$10*HouseholdLoadProfiles!D23+'Inputs&OutputSummary'!$C$11*HouseholdLoadProfiles!E23 -> 23.924274
B24: 0.79166667 | C24: =V72 -> 75.87 | D24: =V85 -> 40.29 | E24: =V98 -> 16.3 | F24: ='Inputs&OutputSummary'!$C$9*HouseholdLoadProfiles!C24+'Inputs&OutputSummary'!$C$10*HouseholdLoadProfiles!D24+'Inputs&OutputSummary'!$C$11*HouseholdLoadProfiles!E24 -> 44.148918
B25: 0.83333333 | C25: =W72 -> 112.77 | D25: =W85 -> 60.54 | E25: =W98 -> 23.5 | F25: ='Inputs&OutputSummary'!$C$9*HouseholdLoadProfiles!C25+'Inputs&OutputSummary'!$C$10*HouseholdLoadProfiles!D25+'Inputs&OutputSummary'!$C$11*HouseholdLoadProfiles!E25 -> 65.596773
B26: 0.875 | C26: =X72 -> 107.35 | D26: =X85 -> 56.11 | E26: =X98 -> 21.355 | F26: ='Inputs&OutputSummary'!$C$9*HouseholdLoadProfiles!C26+'Inputs&OutputSummary'!$C$10*HouseholdLoadProfiles!D26+'Inputs&OutputSummary'!$C$11*HouseholdLoadProfiles!E26 -> 61.598839
B27: 0.91666667 | C27: =Y72 -> 55.41 | D27: =Y85 -> 28.015 | E27: =Y98 -> 11.21 | F27: ='Inputs&OutputSummary'!$C$9*HouseholdLoadProfiles!C27+'Inputs&OutputSummary'!$C$10*HouseholdLoadProfiles!D27+'Inputs&OutputSummary'!$C$11*HouseholdLoadProfiles!E27 -> 31.541846
B28: 0.95833333 | C28: =Z72 -> 15.25 | D28: =Z85 -> 6.5 | E28: =Z98 -> 2.75 | F28: ='Inputs&OutputSummary'!$C$9*HouseholdLoadProfiles!C28+'Inputs&OutputSummary'!$C$10*HouseholdLoadProfiles!D28+'Inputs&OutputSummary'!$C$11*HouseholdLoadProfiles!E28 -> 8.16585
B29: Total Wh/day/household: | C29: =SUM(C5:C28) -> 706.98 | D29: =SUM(D5:D28) -> 301.65 | E29: =SUM(E5:E28) -> 106.52 | F29: =SUM(F5:F28) -> 371.67949
B30: Total kWh/year/household: | C30: =365*(C29)/1000 -> 258.0477 | D30: =365*(D29)/1000 -> 110.10225 | E30: =365*(E29)/1000 -> 38.8798 | F30: =365*(F29)/1000 -> 135.66302
B32: ASSUMED APPLIANCE WATTAGE & COUNT | H32: APPLIANCE OWNERSHIP SUMMARY 2 | M32: OVERALL APPLIANCE COUNT ACCOUNTING FOR % OWNERSHIP
C33: All Households | D33: High Income Household | E33: Medium Income Household | F33: Low Income Household | I33: High Income Household 3 | J33: Medium Income Household 4 | K33: Low Income Household 5 | N33: High Income Household | O33: Medium Income Household | P33: Low Income Household
C34: Appliance Wattage (W) | D34: Appliance Count | E34: Appliance Count | F34: Appliance Count | I34: % Ownership | J34: % Ownership | K34: % Ownership | N34: Appliance Count Accounting for % Ownership | O34: Appliance Count Accounting for % Ownership | P34: Appliance Count Accounting for % Ownership
B35: LOW WATTAGE APPLIANCES | H35: LOW WATTAGE APPLIANCES | M35: LOW WATTAGE APPLIANCES
B36: Lights | C36: 9 | D36: 3 | E36: 2 | F36: 1 | H36: Lights | I36: 1 | J36: 1 | K36: 1 | M36: Lights | N36: =D36*I36 -> 3 | O36: =E36*J36 -> 2 | P36: =F36*K36 -> 1
B37: Mobile Phone/Charger | C37: 8 | D37: 3 | E37: 2 | F37: 1 | H37: Mobile Phone/Charger | I37: 0.63 | J37: 0.55 | K37: 0.41 | M37: Mobile Phone/Charger | N37: =D37*I37 -> 1.89 | O37: =E37*J37 -> 1.1 | P37: =F37*K37 -> 0.41
B38: Radio | C38: 15 | D38: 1 | E38: 1 | F38: 1 | H38: Radio | I38: 0.76 | J38: 0.15 | K38: 0.03 | M38: Radio | N38: =D38*I38 -> 0.76 | O38: =E38*J38 -> 0.15 | P38: =F38*K38 -> 0.03
B39: HIGH WATTAGE APPLIANCES | H39: HIGH WATTAGE APPLIANCES | M39: HIGH WATTAGE APPLIANCES
B40: Television | C40: 150 | D40: 1 | E40: 1 | F40: 1 | H40: Television | I40: 0.82 | J40: 0.45 | K40: 0.16 | M40: Television | N40: =D40*I40 -> 0.82 | O40: =E40*J40 -> 0.45 | P40: =F40*K40 -> 0.16
B41: DVD Player | C41: 35 | D41: 1 | E41: 1 | F41: 1 | H41: DVD Player | I41: 0.38 | J41: 0.02 | K41: 0.03 | M41: DVD Player | N41: =D41*I41 -> 0.38 | O41: =E41*J41 -> 0.02 | P41: =F41*K41 -> 0.03
B42: Iron | C42: 1000 | D42: 1 | E42: 1 | F42: 1 | H42: Iron | I42: 0.34 | J42: 0.11 | K42: 0.02 | M42: Iron | N42: =D42*I42 -> 0.34 | O42: =E42*J42 -> 0.11 | P42: =F42*K42 -> 0.02
B43: Refrigerator 1 | C43: 50 | D43: 1 | E43: 1 | F43: 1 | H43: Refrigerator | I43: 0.17 | J43: 0.04 | K43: 0.01 | M43: Refrigerator | N43: =D43*I43 -> 0.17 | O43: =E43*J43 -> 0.04 | P43: =F43*K43 -> 0.01
B44: 1 Assumed to be average watts accounting for compressor cycling on & off | H44: 2 "Information taken from Appliance Ownership and Aspirations among Electric Grid and Home Solar Households in Rural Kenya" (2016)
H45: 3 "Grid Connected" homes from 2016 Kenya Paper represent high income households
H46: 4 "Solar" homes from 2016 Kenya Paper represent medium income households
H47: 5 "Kerosene" homes from 2016 Kenya Paper represent low income households
B49: ASSUMED HOURLY % APPLIANCE USAGE
C50: 0 | D50: 0.041666667 | E50: 0.083333333 | F50: 0.125 | G50: 0.16666667 | H50: 0.20833333 | I50: 0.25 | J50: 0.29166667 | K50: 0.33333333 | L50: 0.375 | M50: 0.41666667 | N50: 0.45833333 | O50: 0.5 | P50: 0.54166667 | Q50: 0.58333333 | R50: 0.625 | S50: 0.66666667 | T50: 0.70833333 | U50: 0.75 | V50: 0.79166667 | W50: 0.83333333 | X50: 0.875 | Y50: 0.91666667 | Z50: 0.95833333 | AA50: Total (hours/day)
B51: LOW WATTAGE APPLIANCES
B52: Lights | C52: 0 | D52: 0 | E52: 0 | F52: 0 | G52: 0 | H52: 0 | I52: 0 | J52: 0 | K52: 0 | L52: 0 | M52: 0 | N52: 0 | O52: 0 | P52: 0 | Q52: 0 | R52: 0 | S52: 0 | T52: 0 | U52: 0.25 | V52: 0.75 | W52: 0.75 | X52: 0.5 | Y52: 0.5 | Z52: 0.25 | AA52: =SUM(C52:Z52) -> 3
B53: Mobile Phone/Charger | C53: 0 | D53: 0 | E53: 0 | F53: 0 | G53: 0 | H53: 0 | I53: 0.1 | J53: 0.1 | K53: 0.1 | L53: 0.1 | M53: 0.1 | N53: 0.25 | O53: 0.25 | P53: 0.25 | Q53: 0.25 | R53: 0 | S53: 0 | T53: 0.5 | U53: 0.5 | V53: 0.5 | W53: 0.5 | X53: 0.5 | Y53: 0 | Z53: 0 | AA53: =SUM(C53:Z53) -> 4
B54: Radio | C54: 0 | D54: 0 | E54: 0 | F54: 0 | G54: 0 | H54: 0 | I54: 0 | J54: 0 | K54: 0.25 | L54: 0.25 | M54: 0.25 | N54: 0.25 | O54: 0.5 | P54: 0.5 | Q54: 0.5 | R54: 0.25 | S54: 0.25 | T54: 0 | U54: 0 | V54: 0 | W54: 0 | X54: 0 | Y54: 0 | Z54: 0 | AA54: =SUM(C54:Z54) -> 3
B55: HIGH WATTAGE APPLIANCES
B56: Television | C56: 0 | D56: 0 | E56: 0 | F56: 0 | G56: 0 | H56: 0 | I56: 0 | J56: 0 | K56: 0 | L56: 0 | M56: 0 | N56: 0 | O56: 0 | P56: 0 | Q56: 0 | R56: 0 | S56: 0 | T56: 0.1 | U56: 0.15 | V56: 0.3 | W56: 0.6 | X56: 0.6 | Y56: 0.25 | Z56: 0 | AA56: =SUM(C56:Z56) -> 2
B57: DVD Player | C57: 0 | D57: 0 | E57: 0 | F57: 0 | G57: 0 | H57: 0 | I57: 0 | J57: 0 | K57: 0 | L57: 0 | M57: 0 | N57: 0 | O57: 0 | P57: 0 | Q57: 0 | R57: 0 | S57: 0 | T57: 0 | U57: 0.1 | V57: 0.2 | W57: 0.2 | X57: 0.3 | Y57: 0.2 | Z57: 0 | AA57: =SUM(C57:Z57) -> 1
B58: Iron | C58: 0 | D58: 0 | E58: 0 | F58: 0 | G58: 0 | H58: 0 | I58: 0 | J58: 0 | K58: 0.05 | L58: 0.05 | M58: 0.05 | N58: 0.05 | O58: 0 | P58: 0 | Q58: 0 | R58: 0 | S58: 0 | T58: 0 | U58: 0 | V58: 0 | W58: 0 | X58: 0 | Y58: 0 | Z58: 0 | AA58: =SUM(C58:Z58) -> 0.2
B59: Refrigerator | C59: 1 | D59: 1 | E59: 1 | F59: 1 | G59: 1 | H59: 1 | I59: 1 | J59: 1 | K59: 1 | L59: 1 | M59: 1 | N59: 1 | O59: 1 | P59: 1 | Q59: 1 | R59: 1 | S59: 1 | T59: 1 | U59: 1 | V59: 1 | W59: 1 | X59: 1 | Y59: 1 | Z59: 1 | AA59: =SUM(C59:Z59) -> 24
B61: CALCULATED HOURLY APPLIANCE POWER USAGE (W): HIGH INCOME HOUSEHOLD
C62: 0 | D62: 0.041666667 | E62: 0.083333333 | F62: 0.125 | G62: 0.16666667 | H62: 0.20833333 | I62: 0.25 | J62: 0.29166667 | K62: 0.33333333 | L62: 0.375 | M62: 0.41666667 | N62: 0.45833333 | O62: 0.5 | P62: 0.54166667 | Q62: 0.58333333 | R62: 0.625 | S62: 0.66666667 | T62: 0.70833333 | U62: 0.75 | V62: 0.79166667 | W62: 0.83333333 | X62: 0.875 | Y62: 0.91666667 | Z62: 0.95833333 | AA62: Total (Wh/day) | AB62: Total (kWh/day) | AC62: Total (kWh/year)
B63: LOW WATTAGE APPLIANCES
B64: Lights | C64: =(C52*$N$36*$C$36) -> 0 | D64: =(D52*$N$36*$C$36) -> 0 | E64: =(E52*$N$36*$C$36) -> 0 | F64: =(F52*$N$36*$C$36) -> 0 | G64: =(G52*$N$36*$C$36) -> 0 | H64: =(H52*$N$36*$C$36) -> 0 | I64: =(I52*$N$36*$C$36) -> 0 | J64: =(J52*$N$36*$C$36) -> 0 | ... Z64: =(Z52*$N$36*$C$36) -> 6.75 | AA64: =SUM(C64:Z64) -> 81 | AB64: =AA64/1000 -> 0.081 | AC64: =AB64*365 -> 29.565
B65: Mobile Phone/Charger | C65: =(C53*$N$37*$C$37) -> 0 | D65: =(D53*$N$37*$C$37) -> 0 | E65: =(E53*$N$37*$C$37) -> 0 | F65: =(F53*$N$37*$C$37) -> 0 | G65: =(G53*$N$37*$C$37) -> 0 | H65: =(H53*$N$37*$C$37) -> 0 | I65: =(I53*$N$37*$C$37) -> 1.512 | J65: =(J53*$N$37*$C$37) -> 1.512 | ... Z65: =(Z53*$N$37*$C$37) -> 0 | AA65: =SUM(C65:Z65) -> 60.48 | AB65: =AA65/1000 -> 0.06048 | AC65: =AB65*365 -> 22.0752
B66: Radio | C66: =(C54*$N$38*$C$38) -> 0 | D66: =(D54*$N$38*$C$38) -> 0 | E66: =(E54*$N$38*$C$38) -> 0 | F66: =(F54*$N$38*$C$38) -> 0 | G66: =(G54*$N$38*$C$38) -> 0 | H66: =(H54*$N$38*$C$38) -> 0 | I66: =(I54*$N$38*$C$38) -> 0 | J66: =(J54*$N$38*$C$38) -> 0 | ... Z66: =(Z54*$N$38*$C$38) -> 0 | AA66: =SUM(C66:Z66) -> 34.2 | AB66: =AA66/1000 -> 0.0342 | AC66: =AB66*365 -> 12.483
B67: HIGH WATTAGE APPLIANCES
B68: Television | C68: =(C56*$N$40*$C$40) -> 0 | D68: =(D56*$N$40*$C$40) -> 0 | E68: =(E56*$N$40*$C$40) -> 0 | F68: =(F56*$N$40*$C$40) -> 0 | G68: =(G56*$N$40*$C$40) -> 0 | H68: =(H56*$N$40*$C$40) -> 0 | I68: =(I56*$N$40*$C$40) -> 0 | J68: =(J56*$N$40*$C$40) -> 0 | ... Z68: =(Z56*$N$40*$C$40) -> 0 | AA68: =SUM(C68:Z68) -> 246 | AB68: =AA68/1000 -> 0.246 | AC68: =AB68*365 -> 89.79
B69: DVD Player | C69: =(C57*$N$41*$C$41) -> 0 | D69: =(D57*$N$41*$C$41) -> 0 | E69: =(E57*$N$41*$C$41) -> 0 | F69: =(F57*$N$41*$C$41) -> 0 | G69: =(G57*$N$41*$C$41) -> 0 | H69: =(H57*$N$41*$C$41) -> 0 | I69: =(I57*$N$41*$C$41) -> 0 | J69: =(J57*$N$41*$C$41) -> 0 | ... Z69: =(Z57*$N$41*$C$41) -> 0 | AA69: =SUM(C69:Z69) -> 13.3 | AB69: =AA69/1000 -> 0.0133 | AC69: =AB69*365 -> 4.8545
B70: Iron | C70: =(C58*$N$42*$C$42) -> 0 | D70: =(D58*$N$42*$C$42) -> 0 | E70: =(E58*$N$42*$C$42) -> 0 | F70: =(F58*$N$42*$C$42) -> 0 | G70: =(G58*$N$42*$C$42) -> 0 | H70: =(H58*$N$42*$C$42) -> 0 | I70: =(I58*$N$42*$C$42) -> 0 | J70: =(J58*$N$42*$C$42) -> 0 | ... Z70: =(Z58*$N$42*$C$42) -> 0 | AA70: =SUM(C70:Z70) -> 68 | AB70: =AA70/1000 -> 0.068 | AC70: =AB70*365 -> 24.82
B71: Refrigerator | C71: =(C59*$N$43*$C$43) -> 8.5 | D71: =(D59*$N$43*$C$43) -> 8.5 | E71: =(E59*$N$43*$C$43) -> 8.5 | F71: =(F59*$N$43*$C$43) -> 8.5 | G71: =(G59*$N$43*$C$43) -> 8.5 | H71: =(H59*$N$43*$C$43) -> 8.5 | I71: =(I59*$N$43*$C$43) -> 8.5 | J71: =(J59*$N$43*$C$43) -> 8.5 | ... Z71: =(Z59*$N$43*$C$43) -> 8.5 | AA71: =SUM(C71:Z71) -> 204 | AB71: =AA71/1000 -> 0.204 | AC71: =AB71*365 -> 74.46
B72: Total High Income | C72: =SUM(C64:C71) -> 8.5 | D72: =SUM(D64:D71) -> 8.5 | E72: =SUM(E64:E71) -> 8.5 | F72: =SUM(F64:F71) -> 8.5 | G72: =SUM(G64:G71) -> 8.5 | H72: =SUM(H64:H71) -> 8.5 | I72: =SUM(I64:I71) -> 10.012 | J72: =SUM(J64:J71) -> 10.012 | ... AC72: =SUM(AC64:AC71) -> 258.0477
B74: CALCULATED HOURLY APPLIANCE POWER USAGE (W): MEDIUM INCOME HOUSEHOLD
C75: 0 | D75: 0.041666667 | E75: 0.083333333 | F75: 0.125 | G75: 0.16666667 | H75: 0.20833333 | I75: 0.25 | J75: 0.29166667 | K75: 0.33333333 | L75: 0.375 | M75: 0.41666667 | N75: 0.45833333 | O75: 0.5 | P75: 0.54166667 | Q75: 0.58333333 | R75: 0.625 | S75: 0.66666667 | T75: 0.70833333 | U75: 0.75 | V75: 0.79166667 | W75: 0.83333333 | X75: 0.875 | Y75: 0.91666667 | Z75: 0.95833333 | AA75: Total (Wh/day) | AB75: Total (kWh/day) | AC75: Total (kWh/year)
B76: LOW WATTAGE APPLIANCES
B77: Lights | C77: =(C52*$O$36*$C$36) -> 0 | D77: =(D52*$O$36*$C$36) -> 0 | E77: =(E52*$O$36*$C$36) -> 0 | F77: =(F52*$O$36*$C$36) -> 0 | G77: =(G52*$O$36*$C$36) -> 0 | H77: =(H52*$O$36*$C$36) -> 0 | I77: =(I52*$O$36*$C$36) -> 0 | J77: =(J52*$O$36*$C$36) -> 0 | ... Z77: =(Z52*$O$36*$C$36) -> 4.5 | AA77: =SUM(C77:Z77) -> 54 | AB77: =AA77/1000 -> 0.054 | AC77: =AB77*365 -> 19.71
B78: Mobile Phone/Charger | C78: =(C53*$O$37*$C$37) -> 0 | D78: =(D53*$O$37*$C$37) -> 0 | E78: =(E53*$O$37*$C$37) -> 0 | F78: =(F53*$O$37*$C$37) -> 0 | G78: =(G53*$O$37*$C$37) -> 0 | H78: =(H53*$O$37*$C$37) -> 0 | I78: =(I53*$O$37*$C$37) -> 0.88 | J78: =(J53*$O$37*$C$37) -> 0.88 | ... Z78: =(Z53*$O$37*$C$37) -> 0 | AA78: =SUM(C78:Z78) -> 35.2 | AB78: =AA78/1000 -> 0.0352 | AC78: =AB78*365 -> 12.848
B79: Radio | C79: =(C54*$O$38*$C$38) -> 0 | D79: =(D54*$O$38*$C$38) -> 0 | E79: =(E54*$O$38*$C$38) -> 0 | F79: =(F54*$O$38*$C$38) -> 0 | G79: =(G54*$O$38*$C$38) -> 0 | H79: =(H54*$O$38*$C$38) -> 0 | I79: =(I54*$O$38*$C$38) -> 0 | J79: =(J54*$O$38*$C$38) -> 0 | ... Z79: =(Z54*$O$38*$C$38) -> 0 | AA79: =SUM(C79:Z79) -> 6.75 | AB79: =AA79/1000 -> 0.00675 | AC79: =AB79*365 -> 2.46375
B80: HIGH WATTAGE APPLIANCES
B81: Television | C81: =(C56*$O$40*$C$40) -> 0 | D81: =(D56*$O$40*$C$40) -> 0 | E81: =(E56*$O$40*$C$40) -> 0 | F81: =(F56*$O$40*$C$40) -> 0 | G81: =(G56*$O$40*$C$40) -> 0 | H81: =(H56*$O$40*$C$40) -> 0 | I81: =(I56*$O$40*$C$40) -> 0 | J81: =(J56*$O$40*$C$40) -> 0 | ... Z81: =(Z56*$O$40*$C$40) -> 0 | AA81: =SUM(C81:Z81) -> 135 | AB81: =AA81/1000 -> 0.135 | AC81: =AB81*365 -> 49.275
B82: DVD Player | C82: =(C57*$O$41*$C$41) -> 0 | D82: =(D57*$O$41*$C$41) -> 0 | E82: =(E57*$O$41*$C$41) -> 0 | F82: =(F57*$O$41*$C$41) -> 0 | G82: =(G57*$O$41*$C$41) -> 0 | H82: =(H57*$O$41*$C$41) -> 0 | I82: =(I57*$O$41*$C$41) -> 0 | J82: =(J57*$O$41*$C$41) -> 0 | ... Z82: =(Z57*$O$41*$C$41) -> 0 | AA82: =SUM(C82:Z82) -> 0.7 | AB82: =AA82/1000 -> 0.0007 | AC82: =AB82*365 -> 0.2555
B83: Iron | C83: =(C58*$O$42*$C$42) -> 0 | D83: =(D58*$O$42*$C$42) -> 0 | E83: =(E58*$O$42*$C$42) -> 0 | F83: =(F58*$O$42*$C$42) -> 0 | G83: =(G58*$O$42*$C$42) -> 0 | H83: =(H58*$O$42*$C$42) -> 0 | I83: =(I58*$O$42*$C$42) -> 0 | J83: =(J58*$O$42*$C$42) -> 0 | ... Z83: =(Z58*$O$42*$C$42) -> 0 | AA83: =SUM(C83:Z83) -> 22 | AB83: =AA83/1000 -> 0.022 | AC83: =AB83*365 -> 8.03
B84: Refrigerator | C84: =(C59*$O$43*$C$43) -> 2 | D84: =(D59*$O$43*$C$43) -> 2 | E84: =(E59*$O$43*$C$43) -> 2 | F84: =(F59*$O$43*$C$43) -> 2 | G84: =(G59*$O$43*$C$43) -> 2 | H84: =(H59*$O$43*$C$43) -> 2 | I84: =(I59*$O$43*$C$43) -> 2 | J84: =(J59*$O$43*$C$43) -> 2 | ... Z84: =(Z59*$O$43*$C$43) -> 2 | AA84: =SUM(C84:Z84) -> 48 | AB84: =AA84/1000 -> 0.048 | AC84: =AB84*365 -> 17.52
B85: Total Medium Income | C85: =SUM(C77:C84) -> 2 | D85: =SUM(D77:D84) -> 2 | E85: =SUM(E77:E84) -> 2 | F85: =SUM(F77:F84) -> 2 | G85: =SUM(G77:G84) -> 2 | H85: =SUM(H77:H84) -> 2 | I85: =SUM(I77:I84) -> 2.88 | J85: =SUM(J77:J84) -> 2.88 | ... AC85: =SUM(AC77:AC84) -> 110.10225
B87: CALCULATED HOURLY APPLIANCE POWER USAGE (W): LOW INCOME HOUSEHOLD
C88: 0 | D88: 0.041666667 | E88: 0.083333333 | F88: 0.125 | G88: 0.16666667 | H88: 0.20833333 | I88: 0.25 | J88: 0.29166667 | K88: 0.33333333 | L88: 0.375 | M88: 0.41666667 | N88: 0.45833333 | O88: 0.5 | P88: 0.54166667 | Q88: 0.58333333 | R88: 0.625 | S88: 0.66666667 | T88: 0.70833333 | U88: 0.75 | V88: 0.79166667 | W88: 0.83333333 | X88: 0.875 | Y88: 0.91666667 | Z88: 0.95833333 | AA88: Total (Wh/day) | AB88: Total (kWh/day) | AC88: Total (kWh/year)
B89: LOW WATTAGE APPLIANCES
B90: Lights | C90: =(C52*$P$36*$C$36) -> 0 | D90: =(D52*$P$36*$C$36) -> 0 | E90: =(E52*$P$36*$C$36) -> 0 | F90: =(F52*$P$36*$C$36) -> 0 | G90: =(G52*$P$36*$C$36) -> 0 | H90: =(H52*$P$36*$C$36) -> 0 | I90: =(I52*$P$36*$C$36) -> 0 | J90: =(J52*$P$36*$C$36) -> 0 | ... Z90: =(Z52*$P$36*$C$36) -> 2.25 | AA90: =SUM(C90:Z90) -> 27 | AB90: =AA90/1000 -> 0.027 | AC90: =AB90*365 -> 9.855
B91: Mobile Phone/Charger | C91: =(C53*$P$37*$C$37) -> 0 | D91: =(D53*$P$37*$C$37) -> 0 | E91: =(E53*$P$37*$C$37) -> 0 | F91: =(F53*$P$37*$C$37) -> 0 | G91: =(G53*$P$37*$C$37) -> 0 | H91: =(H53*$P$37*$C$37) -> 0 | I91: =(I53*$P$37*$C$37) -> 0.328 | J91: =(J53*$P$37*$C$37) -> 0.328 | ... Z91: =(Z53*$P$37*$C$37) -> 0 | AA91: =SUM(C91:Z91) -> 13.12 | AB91: =AA91/1000 -> 0.01312 | AC91: =AB91*365 -> 4.7888
B92: Radio | C92: =(C54*$P$38*$C$38) -> 0 | D92: =(D54*$P$38*$C$38) -> 0 | E92: =(E54*$P$38*$C$38) -> 0 | F92: =(F54*$P$38*$C$38) -> 0 | G92: =(G54*$P$38*$C$38) -> 0 | H92: =(H54*$P$38*$C$38) -> 0 | I92: =(I54*$P$38*$C$38) -> 0 | J92: =(J54*$P$38*$C$38) -> 0 | ... Z92: =(Z54*$P$38*$C$38) -> 0 | AA92: =SUM(C92:Z92) -> 1.35 | AB92: =AA92/1000 -> 0.00135 | AC92: =AB92*365 -> 0.49275
B93: HIGH WATTAGE APPLIANCES
B94: Television | C94: =(C56*$P$40*$C$40) -> 0 | D94: =(D56*$P$40*$C$40) -> 0 | E94: =(E56*$P$40*$C$40) -> 0 | F94: =(F56*$P$40*$C$40) -> 0 | G94: =(G56*$P$40*$C$40) -> 0 | H94: =(H56*$P$40*$C$40) -> 0 | I94: =(I56*$P$40*$C$40) -> 0 | J94: =(J56*$P$40*$C$40) -> 0 | ... Z94: =(Z56*$P$40*$C$40) -> 0 | AA94: =SUM(C94:Z94) -> 48 | AB94: =AA94/1000 -> 0.048 | AC94: =AB94*365 -> 17.52
B95: DVD Player | C95: =(C57*$P$41*$C$41) -> 0 | D95: =(D57*$P$41*$C$41) -> 0 | E95: =(E57*$P$41*$C$41) -> 0 | F95: =(F57*$P$41*$C$41) -> 0 | G95: =(G57*$P$41*$C$41) -> 0 | H95: =(H57*$P$41*$C$41) -> 0 | I95: =(I57*$P$41*$C$41) -> 0 | J95: =(J57*$P$41*$C$41) -> 0 | ... Z95: =(Z57*$P$41*$C$41) -> 0 | AA95: =SUM(C95:Z95) -> 1.05 | AB95: =AA95/1000 -> 0.00105 | AC95: =AB95*365 -> 0.38325
B96: Iron | C96: =(C58*$P$42*$C$42) -> 0 | D96: =(D58*$P$42*$C$42) -> 0 | E96: =(E58*$P$42*$C$42) -> 0 | F96: =(F58*$P$42*$C$42) -> 0 | G96: =(G58*$P$42*$C$42) -> 0 | H96: =(H58*$P$42*$C$42) -> 0 | I96: =(I58*$P$42*$C$42) -> 0 | J96: =(J58*$P$42*$C$42) -> 0 | ... Z96: =(Z58*$P$42*$C$42) -> 0 | AA96: =SUM(C96:Z96) -> 4 | AB96: =AA96/1000 -> 0.004 | AC96: =AB96*365 -> 1.46
B97: Refrigerator | C97: =(C59*$P$43*$C$43) -> 0.5 | D97: =(D59*$P$43*$C$43) -> 0.5 | E97: =(E59*$P$43*$C$43) -> 0.5 | F97: =(F59*$P$43*$C$43) -> 0.5 | G97: =(G59*$P$43*$C$43) -> 0.5 | H97: =(H59*$P$43*$C$43) -> 0.5 | I97: =(I59*$P$43*$C$43) -> 0.5 | J97: =(J59*$P$43*$C$43) -> 0.5 | ... Z97: =(Z59*$P$43*$C$43) -> 0.5 | AA97: =SUM(C97:Z97) -> 12 | AB97: =AA97/1000 -> 0.012 | AC97: =AB97*365 -> 4.38
B98: Total Low Income | C98: =SUM(C90:C97) -> 0.5 | D98: =SUM(D90:D97) -> 0.5 | E98: =SUM(E90:E97) -> 0.5 | F98: =SUM(F90:F97) -> 0.5 | G98: =SUM(G90:G97) -> 0.5 | H98: =SUM(H90:H97) -> 0.5 | I98: =SUM(I90:I97) -> 0.828 | J98: =SUM(J90:J97) -> 0.828 | ... AC98: =SUM(AC90:AC97) -> 38.8798

Sheet CommercialLoadProfiles
B1: RURAL AFRICAN COMMERCIAL LOAD PROFILES
B3: SUMMARY OF RURAL AFRICAN COMMERCIAL LOAD PROFILES (W)
B4: Energy Use: | C4: All of Commercial Entities
B5: 0 | C5: =C70 -> 326.8
B6: 0.041666667 | C6: =D70 -> 326.8
B7: 0.083333333 | C7: =E70 -> 326.8
B8: 0.125 | C8: =F70 -> 326.8
B9: 0.16666667 | C9: =G70 -> 326.8
B10: 0.20833333 | C10: =H70 -> 326.8
B11: 0.25 | C11: =I70 -> 514.8
B12: 0.29166667 | C12: =J70 -> 835.6
B13: 0.33333333 | C13: =K70 -> 952
B14: 0.375 | C14: =L70 -> 1076.6
B15: 0.41666667 | C15: =M70 -> 1076.6
B16: 0.45833333 | C16: =N70 -> 1076.6
B17: 0.5 | C17: =O70 -> 1076.6
B18: 0.54166667 | C18: =P70 -> 1076.6
B19: 0.58333333 | C19: =Q70 -> 1076.6
B20: 0.625 | C20: =R70 -> 1076.6
B21: 0.66666667 | C21: =S70 -> 1021.4
B22: 0.70833333 | C22: =T70 -> 692.4
B23: 0.75 | C23: =U70 -> 598.4
B24: 0.79166667 | C24: =V70 -> 637.2
B25: 0.83333333 | C25: =W70 -> 637.2
B26: 0.875 | C26: =X70 -> 637.2
B27: 0.91666667 | C27: =Y70 -> 482
B28: 0.95833333 | C28: =Z70 -> 326.8
B29: Total kWh/day: | C29: =SUM(C5:C28)/1000 -> 16.832
B30: Total kWh/year: | C30: =(365*C29) -> 6143.68
B32: ASSUMED COMMERCIAL ENTITY WATTAGE AND OPERATING HOURS
B33: Commercial Entity Type | C33: Operating Hours (Hours/Month) | D33: Per Unit Wattage (Watts) | E33: Montly Electricity Consumption (kWh/Month)
B34: Water Pumping 1 | C34: 217 | D34: 985 | E34: =(D34*C34)/1000 -> 213.745
B35: Milling 1 | C35: 217 | D35: 985 | E35: =(D35*C35)/1000 -> 213.745
B36: Small Shop (refrigerators, freezers, TV, lighting) 1 | C36: 261 | D36: 388 | E36: =(D36*C36)/1000 -> 101.268
B37: School (lighting, fans, computers) 2 | C37: 174 | D37: 940 | E37: =(D37*C37)/1000 -> 163.56
B38: Clinic (lighting, refrigerator, TV, misc.) 2 | C38: 174 | D38: 320 | E38: =(D38*C38)/1000 -> 55.68
B39: Street Lighting (on per light fixture basis) 2 | C39: 217 | D39: 20 | E39: =(D39*C39)/1000 -> 4.34
B40: 1 Power and Agriculture Nexus in Sub-Saharan Africa (2017)
B41: 2 Electrical Load Survey and Forecast for a Decentralized Hybrid Power System at Elebu, Kwara State, Nigeria (2015)
B43: HOURLY COMMERCIAL LOAD PROFILES
B44: Commericial/Public Type | C44: Count | D44: Daily Electricity Consumption (kWh/Day) | E44: Operating Hours (Hours/Day) | F44: Per Unit Wattage (Watts)
B45: Water Pumping | C45: ='Inputs&OutputSummary'!C15 -> 0 | D45: =(E45*F45)/1000 -> 9.85 | E45: =SUM(C55:Z55) -> 10 | F45: =D34 -> 985
B46: Milling | C46: ='Inputs&OutputSummary'!C16 -> 0 | D46: =(E46*F46)/1000 -> 9.85 | E46: =SUM(C56:Z56) -> 10 | F46: =D35 -> 985
B47: Small Shop (refrigerators, freezers, TV, lighting) | C47: ='Inputs&OutputSummary'!C17 -> 2 | D47: =(E47*F47)/1000 -> 4.656 | E47: =SUM(C57:Z57) -> 12 | F47: =D36 -> 388
B48: School (lighting, fans, computers) | C48: ='Inputs&OutputSummary'!C18 -> 1 | D48: =(E48*F48)/1000 -> 7.52 | E48: =SUM(C58:Z58) -> 8 | F48: =D37 -> 940
B49: Clinic (lighting, refrigerator, TV, misc.) | C49: ='Inputs&OutputSummary'!C19 -> 0 | D49: =(E49*F49)/1000 -> 2.56 | E49: =SUM(C59:Z59) -> 8 | F49: =D38 -> 320
B50: Street Lighting | C50: ='Inputs&OutputSummary'!C20 -> 0 | D50: =(E50*F50)/1000 -> 0.2 | E50: =SUM(C60:Z60) -> 10 | F50: =D39 -> 20
B51: Total | C51: =SUM(C45:C48) -> 3 | D51: =SUM(D45:D48) -> 31.876 | E51: =SUM(E45:E48) -> 40 | F51: =SUM(F45:F50) -> 3638
B53: ASSUMED HOURLY % COMMERCIAL USAGE
C54: 0 | D54: 0.041666667 | E54: 0.083333333 | F54: 0.125 | G54: 0.16666667 | H54: 0.20833333 | I54: 0.25 | J54: 0.29166667 | K54: 0.33333333 | L54: 0.375 | M54: 0.41666667 | N54: 0.45833333 | O54: 0.5 | P54: 0.54166667 | Q54: 0.58333333 | R54: 0.625 | S54: 0.66666667 | T54: 0.70833333 | U54: 0.75 | V54: 0.79166667 | W54: 0.83333333 | X54: 0.875 | Y54: 0.91666667 | Z54: 0.95833333
B55: Water Pumping | C55: 0.1 | D55: 0.1 | E55: 0.1 | F55: 0.2 | G55: 0.3 | H55: 0.4 | I55: 0.5 | J55: 0.6 | K55: 0.7 | L55: 0.7 | M55: 0.7 | N55: 0.6 | O55: 0.5 | P55: 0.5 | Q55: 0.6 | R55: 0.6 | S55: 0.7 | T55: 0.7 | U55: 0.5 | V55: 0.4 | W55: 0.2 | X55: 0.1 | Y55: 0.1 | Z55: 0.1
B56: Milling | C56: 0.05 | D56: 0.05 | E56: 0.05 | F56: 0.05 | G56: 0.1 | H56: 0.2 | I56: 0.4 | J56: 0.5 | K56: 0.6 | L56: 0.7 | M56: 0.9 | N56: 0.9 | O56: 0.7 | P56: 0.7 | Q56: 0.9 | R56: 0.8 | S56: 0.7 | T56: 0.6 | U56: 0.5 | V56: 0.3 | W56: 0.1 | X56: 0.1 | Y56: 0.05 | Z56: 0.05
B57: Small Shop | C57: 0.3 | D57: 0.3 | E57: 0.3 | F57: 0.3 | G57: 0.3 | H57: 0.3 | I57: 0.3 | J57: 0.35 | K57: 0.5 | L57: 0.6 | M57: 0.6 | N57: 0.6 | O57: 0.6 | P57: 0.6 | Q57: 0.6 | R57: 0.6 | S57: 0.65 | T57: 0.65 | U57: 0.65 | V57: 0.7 | W57: 0.7 | X57: 0.7 | Y57: 0.5 | Z57: 0.3
B58: School | C58: 0.1 | D58: 0.1 | E58: 0.1 | F58: 0.1 | G58: 0.1 | H58: 0.1 | I58: 0.3 | J58: 0.6 | K58: 0.6 | L58: 0.65 | M58: 0.65 | N58: 0.65 | O58: 0.65 | P58: 0.65 | Q58: 0.65 | R58: 0.65 | S58: 0.55 | T58: 0.2 | U58: 0.1 | V58: 0.1 | W58: 0.1 | X58: 0.1 | Y58: 0.1 | Z58: 0.1
B59: Clinic | C59: 0.1 | D59: 0.1 | E59: 0.1 | F59: 0.1 | G59: 0.1 | H59: 0.1 | I59: 0.3 | J59: 0.6 | K59: 0.6 | L59: 0.65 | M59: 0.65 | N59: 0.65 | O59: 0.65 | P59: 0.65 | Q59: 0.65 | R59: 0.65 | S59: 0.55 | T59: 0.2 | U59: 0.1 | V59: 0.1 | W59: 0.1 | X59: 0.1 | Y59: 0.1 | Z59: 0.1
B60: Street Lighting | C60: 1 | D60: 1 | E60: 1 | F60: 1 | G60: 1 | H60: 0.5 | I60: 0 | J60: 0 | K60: 0 | L60: 0 | M60: 0 | N60: 0 | O60: 0 | P60: 0 | Q60: 0 | R60: 0 | S60: 0 | T60: 0 | U60: 0 | V60: 0.5 | W60: 1 | X60: 1 | Y60: 1 | Z60: 1
B62: CALCULATED HOURLY COMMERCIAL LOAD PROFILE (W)
C63: 0 | D63: 0.041666667 | E63: 0.083333333 | F63: 0.125 | G63: 0.16666667 | H63: 0.20833333 | I63: 0.25 | J63: 0.29166667 | K63: 0.33333333 | L63: 0.375 | M63: 0.41666667 | N63: 0.45833333 | O63: 0.5 | P63: 0.54166667 | Q63: 0.58333333 | R63: 0.625 | S63: 0.66666667 | T63: 0.70833333 | U63: 0.75 | V63: 0.79166667 | W63: 0.83333333 | X63: 0.875 | Y63: 0.91666667 | Z63: 0.95833333
B64: Water Pumping | C64: =($C$45*C55*$F$45) -> 0 | D64: =($C$45*D55*$F$45) -> 0 | E64: =($C$45*E55*$F$45) -> 0 | F64: =($C$45*F55*$F$45) -> 0 | G64: =($C$45*G55*$F$45) -> 0 | H64: =($C$45*H55*$F$45) -> 0 | I64: =($C$45*I55*$F$45) -> 0 | J64: =($C$45*J55*$F$45) -> 0 | ... Z64: =($C$45*Z55*$F$45) -> 0
B65: Milling | C65: =($C$46*C56*$F$46) -> 0 | D65: =($C$46*D56*$F$46) -> 0 | E65: =($C$46*E56*$F$46) -> 0 | F65: =($C$46*F56*$F$46) -> 0 | G65: =($C$46*G56*$F$46) -> 0 | H65: =($C$46*H56*$F$46) -> 0 | I65: =($C$46*I56*$F$46) -> 0 | J65: =($C$46*J56*$F$46) -> 0 | ... Z65: =($C$46*Z56*$F$46) -> 0
B66: Small Shop | C66: =($C$47*C57*$F$47) -> 232.8 | D66: =($C$47*D57*$F$47) -> 232.8 | E66: =($C$47*E57*$F$47) -> 232.8 | F66: =($C$47*F57*$F$47) -> 232.8 | G66: =($C$47*G57*$F$47) -> 232.8 | H66: =($C$47*H57*$F$47) -> 232.8 | I66: =($C$47*I57*$F$47) -> 232.8 | J66: =($C$47*J57*$F$47) -> 271.6 | ... Z66: =($C$47*Z57*$F$47) -> 232.8
B67: School | C67: =($C$48*C58*$F$48) -> 94 | D67: =($C$48*D58*$F$48) -> 94 | E67: =($C$48*E58*$F$48) -> 94 | F67: =($C$48*F58*$F$48) -> 94 | G67: =($C$48*G58*$F$48) -> 94 | H67: =($C$48*H58*$F$48) -> 94 | I67: =($C$48*I58*$F$48) -> 282 | J67: =($C$48*J58*$F$48) -> 564 | ... Z67: =($C$48*Z58*$F$48) -> 94
B68: Clinic | C68: =($C$49*C59*$F$49) -> 0 | D68: =($C$49*D59*$F$49) -> 0 | E68: =($C$49*E59*$F$49) -> 0 | F68: =($C$49*F59*$F$49) -> 0 | G68: =($C$49*G59*$F$49) -> 0 | H68: =($C$49*H59*$F$49) -> 0 | I68: =($C$49*I59*$F$49) -> 0 | J68: =($C$49*J59*$F$49) -> 0 | ... Z68: =($C$49*Z59*$F$49) -> 0
B69: Street Lighting | C69: =($C$50*C60*$F$50) -> 0 | D69: =($C$50*D60*$F$50) -> 0 | E69: =($C$50*E60*$F$50) -> 0 | F69: =($C$50*F60*$F$50) -> 0 | G69: =($C$50*G60*$F$50) -> 0 | H69: =($C$50*H60*$F$50) -> 0 | I69: =($C$50*I60*$F$50) -> 0 | J69: =($C$50*J60*$F$50) -> 0 | ... Z69: =($C$50*Z60*$F$50) -> 0
B70: Total Commercial Load | C70: =SUM(C64:C69) -> 326.8 | D70: =SUM(D64:D69) -> 326.8 | E70: =SUM(E64:E69) -> 326.8 | F70: =SUM(F64:F69) -> 326.8 | G70: =SUM(G64:G69) -> 326.8 | H70: =SUM(H64:H69) -> 326.8 | I70: =SUM(I64:I69) -> 514.8 | J70: =SUM(J64:J69) -> 835.6 | ... Z70: =SUM(Z64:Z69) -> 326.8

Sheet CoincidenceFactor_HouseholdLoad
D23: Min kW | P23: New Min kW
D24: =MIN(D30:D63) -> 3.6663 | P24: =MIN(P30:P63) -> 3.9860347
D25: Max kW | P25: New Max kW | Q25: Coincidence Factor
D26: =MAX(D30:D63) -> 65.596773 | P26: =MAX(P30:P63) -> 52.234401 | Q26: =P26/D26 -> 0.79629528
D27: Total Number of Households
D28: Percentage of Households Shifted | E28: 0.5 | F28: 0.15 | G28: 0.15 | H28: 0.05 | I28: 0.05 | J28: 0.025 | K28: 0.025 | L28: 0.02 | M28: 0.02 | N28: 0.005 | O28: 0.005 | P28: =SUM(E28:O28) -> 1
B29: Day of Week | C29: Hour of Day | D29: Original Load Profile | E29: No Shift | F29: +1 hour | G29: -1 hour | H29: +2 hour | I29: -2 hour | J29: +3 hour | K29: -3 hour | L29: +4 hour | M29: -4 hour | N29: +5 hour | O29: -5 hour | P29: Load Profile with 80% Coincidence Factor
B30: Generating Profile with 80% Coincidence Factor | C30: 1 | D30: =HouseholdLoadProfiles!F5 -> 3.6663 | E30: =$D30*E$28 -> 1.83315 | F30: =$D31*F$28 -> 0.549945 | G30: =$D58*G$28 -> 1.2248775 | H30: =$D32*H$28 -> 0.183315 | I30: =$D57*I$28 -> 1.5770923 | J30: =$D33*J$28 -> 0.0916575 | K30: =$D56*K$28 -> 1.539971 | L30: =$D34*L$28 -> 0.073326 | M30: =$D55*M$28 -> 1.3119355 | N30: =$D35*N$28 -> 0.0183315 | O30: =$D54*O$28 -> 0.22074459 | P30: =SUM(E30:O30) -> 8.6243458
B31: Generating Profile with 80% Coincidence Factor | C31: 2 | D31: =HouseholdLoadProfiles!F6 -> 3.6663 | E31: =$D31*E$28 -> 1.83315 | F31: =$D32*F$28 -> 0.549945 | G31: =$D30*G$28 -> 0.549945 | H31: =$D33*H$28 -> 0.183315 | I31: =$D58*I$28 -> 0.4082925 | J31: =$D34*J$28 -> 0.0916575 | K31: =$D57*K$28 -> 0.78854614 | L31: =$D35*L$28 -> 0.073326 | M31: =$D56*M$28 -> 1.2319768 | N31: =$D36*N$28 -> 0.02286438 | O31: =$D55*O$28 -> 0.32798386 | P31: =SUM(E31:O31) -> 6.0610022
B32: Generating Profile with 80% Coincidence Factor | C32: 3 | D32: =HouseholdLoadProfiles!F7 -> 3.6663 | E32: =$D32*E$28 -> 1.83315 | F32: =$D33*F$28 -> 0.549945 | G32: =$D31*G$28 -> 0.549945 | H32: =$D34*H$28 -> 0.183315 | I32: =$D30*I$28 -> 0.183315 | J32: =$D35*J$28 -> 0.0916575 | K32: =$D58*K$28 -> 0.20414625 | L32: =$D36*L$28 -> 0.09145752 | M32: =$D57*M$28 -> 0.63083691 | N32: =$D37*N$28 -> 0.02286438 | O32: =$D56*O$28 -> 0.3079942 | P32: =SUM(E32:O32) -> 4.6486268
B33: Generating Profile with 80% Coincidence Factor | C33: 4 | D33: =HouseholdLoadProfiles!F8 -> 3.6663 | E33: =$D33*E$28 -> 1.83315 | F33: =$D34*F$28 -> 0.549945 | G33: =$D32*G$28 -> 0.549945 | H33: =$D35*H$28 -> 0.183315 | I33: =$D31*I$28 -> 0.183315 | J33: =$D36*J$28 -> 0.1143219 | K33: =$D30*K$28 -> 0.0916575 | L33: =$D37*L$28 -> 0.09145752 | M33: =$D58*M$28 -> 0.163317 | N33: =$D38*N$28 -> 0.067901542 | O33: =$D57*O$28 -> 0.15770923 | P33: =SUM(E33:O33) -> 3.9860347
B34: Generating Profile with 80% Coincidence Factor | C34: 5 | D34: =HouseholdLoadProfiles!F9 -> 3.6663 | E34: =$D34*E$28 -> 1.83315 | F34: =$D35*F$28 -> 0.549945 | G34: =$D33*G$28 -> 0.549945 | H34: =$D36*H$28 -> 0.2286438 | I34: =$D32*I$28 -> 0.183315 | J34: =$D37*J$28 -> 0.1143219 | K34: =$D31*K$28 -> 0.0916575 | L34: =$D38*L$28 -> 0.27160617 | M34: =$D30*M$28 -> 0.073326 | N34: =$D39*N$28 -> 0.067901542 | O34: =$D58*O$28 -> 0.04082925 | P34: =SUM(E34:O34) -> 4.0046412
B35: Generating Profile with 80% Coincidence Factor | C35: 6 | D35: =HouseholdLoadProfiles!F10 -> 3.6663 | E35: =$D35*E$28 -> 1.83315 | F35: =$D36*F$28 -> 0.6859314 | G35: =$D34*G$28 -> 0.549945 | H35: =$D37*H$28 -> 0.2286438 | I35: =$D33*I$28 -> 0.183315 | J35: =$D38*J$28 -> 0.33950771 | K35: =$D32*K$28 -> 0.0916575 | L35: =$D39*L$28 -> 0.27160617 | M35: =$D31*M$28 -> 0.073326 | N35: =$D40*N$28 -> 0.067901542 | O35: =$D30*O$28 -> 0.0183315 | P35: =SUM(E35:O35) -> 4.3433156
B36: Generating Profile with 80% Coincidence Factor | C36: 7 | D36: =HouseholdLoadProfiles!F11 -> 4.572876 | E36: =$D36*E$28 -> 2.286438 | F36: =$D37*F$28 -> 0.6859314 | G36: =$D35*G$28 -> 0.549945 | H36: =$D38*H$28 -> 0.67901543 | I36: =$D34*I$28 -> 0.183315 | J36: =$D39*J$28 -> 0.33950771 | K36: =$D33*K$28 -> 0.0916575 | L36: =$D40*L$28 -> 0.27160617 | M36: =$D32*M$28 -> 0.073326 | N36: =$D41*N$28 -> 0.074700863 | O36: =$D31*O$28 -> 0.0183315 | P36: =SUM(E36:O36) -> 5.2537746
B37: Generating Profile with 80% Coincidence Factor | C37: 8 | D37: =HouseholdLoadProfiles!F12 -> 4.572876 | E37: =$D37*E$28 -> 2.286438 | F37: =$D38*F$28 -> 2.0370463 | G37: =$D36*G$28 -> 0.6859314 | H37: =$D39*H$28 -> 0.67901543 | I37: =$D35*I$28 -> 0.183315 | J37: =$D40*J$28 -> 0.33950771 | K37: =$D34*K$28 -> 0.0916575 | L37: =$D41*L$28 -> 0.29880345 | M37: =$D33*M$28 -> 0.073326 | N37: =$D42*N$28 -> 0.041412525 | O37: =$D32*O$28 -> 0.0183315 | P37: =SUM(E37:O37) -> 6.7347848
B38: Generating Profile with 80% Coincidence Factor | C38: 9 | D38: =HouseholdLoadProfiles!F13 -> 13.580308 | E38: =$D38*E$28 -> 6.7901542 | F38: =$D39*F$28 -> 2.0370463 | G38: =$D37*G$28 -> 0.6859314 | H38: =$D40*H$28 -> 0.67901543 | I38: =$D36*I$28 -> 0.2286438 | J38: =$D41*J$28 -> 0.37350431 | K38: =$D35*K$28 -> 0.0916575 | L38: =$D42*L$28 -> 0.1656501 | M38: =$D34*M$28 -> 0.073326 | N38: =$D43*N$28 -> 0.041412525 | O38: =$D33*O$28 -> 0.0183315 | P38: =SUM(E38:O38) -> 11.184673
B39: Generating Profile with 80% Coincidence Factor | C39: 10 | D39: =HouseholdLoadProfiles!F14 -> 13.580308 | E39: =$D39*E$28 -> 6.7901542 | F39: =$D40*F$28 -> 2.0370463 | G39: =$D38*G$28 -> 2.0370463 | H39: =$D41*H$28 -> 0.74700863 | I39: =$D37*I$28 -> 0.2286438 | J39: =$D42*J$28 -> 0.20706262 | K39: =$D36*K$28 -> 0.1143219 | L39: =$D43*L$28 -> 0.1656501 | M39: =$D35*M$28 -> 0.073326 | N39: =$D44*N$28 -> 0.041412525 | O39: =$D34*O$28 -> 0.0183315 | P39: =SUM(E39:O39) -> 12.460004
B40: Generating Profile with 80% Coincidence Factor | C40: 11 | D40: =HouseholdLoadProfiles!F15 -> 13.580308 | E40: =$D40*E$28 -> 6.7901542 | F40: =$D41*F$28 -> 2.2410259 | G40: =$D39*G$28 -> 2.0370463 | H40: =$D42*H$28 -> 0.41412525 | I40: =$D38*I$28 -> 0.67901543 | J40: =$D43*J$28 -> 0.20706262 | K40: =$D37*K$28 -> 0.1143219 | L40: =$D44*L$28 -> 0.1656501 | M40: =$D36*M$28 -> 0.09145752 | N40: =$D45*N$28 -> 0.024205912 | O40: =$D35*O$28 -> 0.0183315 | P40: =SUM(E40:O40) -> 12.782397
B41: Generating Profile with 80% Coincidence Factor | C41: 12 | D41: =HouseholdLoadProfiles!F16 -> 14.940173 | E41: =$D41*E$28 -> 7.4700863 | F41: =$D42*F$28 -> 1.2423757 | G41: =$D40*G$28 -> 2.0370463 | H41: =$D43*H$28 -> 0.41412525 | I41: =$D39*I$28 -> 0.67901543 | J41: =$D44*J$28 -> 0.20706262 | K41: =$D38*K$28 -> 0.33950771 | L41: =$D45*L$28 -> 0.09682365 | M41: =$D37*M$28 -> 0.09145752 | N41: =$D46*N$28 -> 0.024205912 | O41: =$D36*O$28 -> 0.02286438 | P41: =SUM(E41:O41) -> 12.624571
B42: Generating Profile with 80% Coincidence Factor | C42: 13 | D42: =HouseholdLoadProfiles!F17 -> 8.282505 | E42: =$D42*E$28 -> 4.1412525 | F42: =$D43*F$28 -> 1.2423757 | G42: =$D41*G$28 -> 2.2410259 | H42: =$D44*H$28 -> 0.41412525 | I42: =$D40*I$28 -> 0.67901543 | J42: =$D45*J$28 -> 0.12102956 | K42: =$D39*K$28 -> 0.33950771 | L42: =$D46*L$28 -> 0.09682365 | M42: =$D38*M$28 -> 0.27160617 | N42: =$D47*N$28 -> 0.076742325 | O42: =$D37*O$28 -> 0.02286438 | P42: =SUM(E42:O42) -> 9.6463686
B43: Generating Profile with 80% Coincidence Factor | C43: 14 | D43: =HouseholdLoadProfiles!F18 -> 8.282505 | E43: =$D43*E$28 -> 4.1412525 | F43: =$D44*F$28 -> 1.2423757 | G43: =$D42*G$28 -> 1.2423757 | H43: =$D45*H$28 -> 0.24205912 | I43: =$D41*I$28 -> 0.74700863 | J43: =$D46*J$28 -> 0.12102956 | K43: =$D40*K$28 -> 0.33950771 | L43: =$D47*L$28 -> 0.3069693 | M43: =$D39*M$28 -> 0.27160617 | N43: =$D48*N$28 -> 0.11962137 | O43: =$D38*O$28 -> 0.067901542 | P43: =SUM(E43:O43) -> 8.8417074
B44: Generating Profile with 80% Coincidence Factor | C44: 15 | D44: =HouseholdLoadProfiles!F19 -> 8.282505 | E44: =$D44*E$28 -> 4.1412525 | F44: =$D45*F$28 -> 0.72617737 | G44: =$D43*G$28 -> 1.2423757 | H44: =$D46*H$28 -> 0.24205912 | I44: =$D42*I$28 -> 0.41412525 | J44: =$D47*J$28 -> 0.38371163 | K44: =$D41*K$28 -> 0.37350431 | L44: =$D48*L$28 -> 0.47848548 | M44: =$D40*M$28 -> 0.27160617 | N44: =$D49*N$28 -> 0.22074459 | O44: =$D39*O$28 -> 0.067901542 | P44: =SUM(E44:O44) -> 8.5619437
B45: Generating Profile with 80% Coincidence Factor | C45: 16 | D45: =HouseholdLoadProfiles!F20 -> 4.8411825 | E45: =$D45*E$28 -> 2.4205912 | F45: =$D46*F$28 -> 0.72617737 | G45: =$D44*G$28 -> 1.2423757 | H45: =$D47*H$28 -> 0.76742325 | I45: =$D43*I$28 -> 0.41412525 | J45: =$D48*J$28 -> 0.59810685 | K45: =$D42*K$28 -> 0.20706262 | L45: =$D49*L$28 -> 0.88297836 | M45: =$D41*M$28 -> 0.29880345 | N45: =$D50*N$28 -> 0.32798386 | O45: =$D40*O$28 -> 0.067901542 | P45: =SUM(E45:O45) -> 7.9535296
B46: Generating Profile with 80% Coincidence Factor | C46: 17 | D46: =HouseholdLoadProfiles!F21 -> 4.8411825 | E46: =$D46*E$28 -> 2.4205912 | F46: =$D47*F$28 -> 2.3022698 | G46: =$D45*G$28 -> 0.72617737 | H46: =$D48*H$28 -> 1.1962137 | I46: =$D44*I$28 -> 0.41412525 | J46: =$D49*J$28 -> 1.1037229 | K46: =$D43*K$28 -> 0.20706262 | L46: =$D50*L$28 -> 1.3119355 | M46: =$D42*M$28 -> 0.1656501 | N46: =$D51*N$28 -> 0.3079942 | O46: =$D41*O$28 -> 0.074700863 | P46: =SUM(E46:O46) -> 10.230444
... B48: Generating Profile with 80% Coincidence Factor | C48: 19 | D48: =HouseholdLoadProfiles!F23 -> 23.924274 | E48: =$D48*E$28 -> 11.962137 | F48: =$D49*F$28 -> 6.6223377 | G48: =$D47*G$28 -> 2.3022698 | H48: =$D50*H$28 -> 3.2798387 | I48: =$D46*I$28 -> 0.24205912 | J48: =$D51*J$28 -> 1.539971 | K48: =$D45*K$28 -> 0.12102956 | L48: =$D52*L$28 -> 0.63083691 | M48: =$D44*M$28 -> 0.1656501 | N48: =$D53*N$28 -> 0.04082925 | O48: =$D43*O$28 -> 0.041412525 | P48: =SUM(E48:O48) -> 26.948372
B49: Generating Profile with 80% Coincidence Factor | C49: 20 | D49: =HouseholdLoadProfiles!F24 -> 44.148918 | E49: =$D49*E$28 -> 22.074459 | F49: =$D50*F$28 -> 9.8395159 | G49: =$D48*G$28 -> 3.5886411 | H49: =$D51*H$28 -> 3.079942 | I49: =$D47*I$28 -> 0.76742325 | J49: =$D52*J$28 -> 0.78854614 | K49: =$D46*K$28 -> 0.12102956 | L49: =$D53*L$28 -> 0.163317 | M49: =$D45*M$28 -> 0.09682365 | N49: =$D59*N$28 -> 0.0183315 | O49: =$D44*O$28 -> 0.041412525 | P49: =SUM(E49:O49) -> 40.579442
B50: Generating Profile with 80% Coincidence Factor | C50: 21 | D50: =HouseholdLoadProfiles!F25 -> 65.596773 | E50: =$D50*E$28 -> 32.798386 | F50: =$D51*F$28 -> 9.2398259 | G50: =$D49*G$28 -> 6.6223377 | H50: =$D52*H$28 -> 1.5770923 | I50: =$D48*I$28 -> 1.1962137 | J50: =$D53*J$28 -> 0.20414625 | K50: =$D47*K$28 -> 0.38371163 | L50: =$D59*L$28 -> 0.073326 | M50: =$D46*M$28 -> 0.09682365 | N50: =$D60*N$28 -> 0.0183315 | O50: =$D45*O$28 -> 0.024205912 | P50: =SUM(E50:O50) -> 52.234401
B51: Generating Profile with 80% Coincidence Factor | C51: 22 | D51: =HouseholdLoadProfiles!F26 -> 61.598839 | E51: =$D51*E$28 -> 30.79942 | F51: =$D52*F$28 -> 4.7312768 | G51: =$D50*G$28 -> 9.8395159 | H51: =$D53*H$28 -> 0.4082925 | I51: =$D49*I$28 -> 2.2074459 | J51: =$D59*J$28 -> 0.0916575 | K51: =$D48*K$28 -> 0.59810685 | L51: =$D60*L$28 -> 0.073326 | M51: =$D47*M$28 -> 0.3069693 | N51: =$D61*N$28 -> 0.0183315 | O51: =$D46*O$28 -> 0.024205912 | P51: =SUM(E51:O51) -> 49.098548
B52: Generating Profile with 80% Coincidence Factor | C52: 23 | D52: =HouseholdLoadProfiles!F27 -> 31.541846 | E52: =$D52*E$28 -> 15.770923 | F52: =$D53*F$28 -> 1.2248775 | G52: =$D51*G$28 -> 9.2398259 | H52: =$D59*H$28 -> 0.183315 | I52: =$D50*I$28 -> 3.2798387 | J52: =$D60*J$28 -> 0.0916575 | K52: =$D49*K$28 -> 1.1037229 | L52: =$D61*L$28 -> 0.073326 | M52: =$D48*M$28 -> 0.47848548 | N52: =$D62*N$28 -> 0.0183315 | O52: =$D47*O$28 -> 0.076742325 | P52: =SUM(E52:O52) -> 31.541046
B53: Generating Profile with 80% Coincidence Factor | C53: 24 | D53: =HouseholdLoadProfiles!F28 -> 8.16585 | E53: =$D53*E$28 -> 4.082925 | F53: =$D59*F$28 -> 0.549945 | G53: =$D52*G$28 -> 4.7312768 | H53: =$D60*H$28 -> 0.183315 | I53: =$D51*I$28 -> 3.079942 | J53: =$D61*J$28 -> 0.0916575 | K53: =$D50*K$28 -> 1.6399193 | L53: =$D62*L$28 -> 0.073326 | M53: =$D49*M$28 -> 0.88297836 | N53: =$D63*N$28 -> 0.0183315 | O53: =$D48*O$28 -> 0.11962137 | P53: =SUM(E53:O53) -> 15.453238
B54: Load for "-5 hour" Shift | C54: 20 | D54: =D49 -> 44.148918
B55: Load for "-4 hour" Shift | C55: 21 | D55: =D50 -> 65.596773
B56: Load for "-3 hour" Shift | C56: 22 | D56: =D51 -> 61.598839
B57: Load for "-2 hour" Shift | C57: 23 | D57: =D52 -> 31.541846
B58: Load for "-1 hour" Shift | C58: 24 | D58: =D53 -> 8.16585
B59: Load for "+1 hour" Shift | C59: 1 | D59: =D30 -> 3.6663
B60: Load for "+2 hour" Shift | C60: 2 | D60: =D31 -> 3.6663
B61: Load for "+3 hour" Shift | C61: 3 | D61: =D32 -> 3.6663
B62: Load for "+4 hour" Shift | C62: 4 | D62: =D33 -> 3.6663
B63: Load for "+5 hour" Shift | C63: 5 | D63: =D34 -> 3.6663
